{"d_model": 192, "n_heads": 4, "n_layers": 4, "running_mean": 18.211307525634766, "running_std": 216.04983520507812}